average, std
496.1234364 s, 16.31412909479629 s
8.268723940000001 min, 0.27190215157993836 min
