dataset, time
0,518.450988
1,481.070777
2,505.641484
3,474.051125
4,501.402808