average, std
152.6982436 s, 9.099702786710958 s
2.5449707266666666 min, 0.1516617131118492 min
