average, std
868.5508335999999 s, 23.70759316959486 s
14.475847226666668 min, 0.39512655282658093 min
