dataset, time
0,151.032977
1,155.379899
2,151.262543
3,138.73205
4,167.083749