average, std
793.0361529999999 s, 11.82056128909324 s
13.217269216666669 min, 0.1970093548182205 min
