dataset, time
0,816.675737
1,787.201236
2,787.236599
3,786.866321
4,787.200872