topK,mean,std
2,6.102488499999998,0.6943079901821864
10,6.998300000000001,0.7266395090002338
50,6.810578500000006,0.566345995398581
