topK,mean,std
2,6.102488499999998,0.6943079901821864
10,6.998300000000001,0.7266395090002338
50,6.626008048780488,0.5295143090997785
