dataset, time
0,123.422746
1,110.96787
2,111.232432
3,122.924832
4,289.444526