dataset, time
0,668.509976
1,656.40272
2,687.146853
3,700.634733
4,675.208238