average, std
448.64990520000003 s, 7.198443308266958 s
7.477498420000001 min, 0.1199740551377826 min
