dataset, time
0,458.482815
1,442.048944
2,451.201511
3,452.671654
4,438.844602