average, std
119.0144754 s, 6.579243433666929 s
1.98357459 min, 0.10965405722778215 min
