average, std
677.580504 s, 15.227692978901521 s
11.293008400000002 min, 0.25379488298169206 min
