average, std
199.4601432 s, 11.670230177331424 s
3.3243357199999997 min, 0.19450383628885715 min
