dataset, time
0,199.766995
1,192.142779
2,200.330099
3,185.098793
4,219.96205