average, std
1865.7764404000002 s, 12.89212107089435 s
31.096274006666665 min, 0.2148686845149057 min
