dataset, time
0,1887.470315
1,1872.384575
2,1851.966264
3,1855.289019
4,1861.772029