average, std
282.3846477999999 s, 11.05119717762269 s
4.706410796666665 min, 0.18418661962704494 min
