dataset, time
0,287.89581
1,270.769409
2,295.134689
3,267.644351
4,290.47898