average, std
203.78134419999998 s, 7.156364720460001 s
3.396355736666667 min, 0.119272745341 min
