dataset, time
0,217.463313
1,201.988965
2,203.065293
3,199.361232
4,197.027918