average, std
7117.4430462 s, 426.03650285806884 s
114.62405076999998 min, 4.368772360729092 min
