average, std
7217.249980399999 s, 522.780573866366 s
116.28749967333333 min, 7.608656875998535 min
