dataset, time
0,7832.436552
1,7377.679124
2,6803.645916
3,6862.165189
4,6711.28845