average, std
5632.1919534 s, 58.67398051057995 s
93.86986589 min, 0.9778996751763336 min
