dataset, time
0,5583.7275
1,5651.919359
2,5603.895116
3,5583.094261
4,5738.323531