topK ,mean,std
2,1547.9974364999994,0.8369508235675991
10,1540.6247914999994,0.9781153092160959
50,1549.0441325000015,0.7359198787324144
