average, std
1715.8615216000003 s, 24.61328230899457 s
28.59769202666667 min, 0.41022137181657636 min
