dataset, time
0,1734.098501
1,1751.233709
2,1699.023472
3,1681.892128
4,1713.059798