average, std
200.32250820000002 s, 8.710179844609126 s
3.3387084700000003 min, 0.14516966407681875 min
