dataset, time
0,197.961047
1,190.417871
2,210.717029
3,210.364898
4,192.151696