average, std
228.20284120000002 s, 10.868984306702124 s
3.8033806866666664 min, 0.1811497384450355 min
