dataset, time
0,216.707137
1,240.533501
2,235.568023
3,213.647853
4,234.557692