average, std
270.132316 s, 8.67178497980278 s
4.5022052666666665 min, 0.14452974966337964 min
