dataset, time
0,254.542359
1,273.014308
2,275.644641
3,267.883244
4,279.577028