dataset, time
0,847.429791
1,909.992147
2,858.550107
3,847.682657
4,879.099466