average, std
269.977412 s, 5.369359006840192 s
4.499623533333333 min, 0.0894893167806698 min
