dataset, time
0,269.953701
1,274.333574
2,275.540915
3,260.272553
4,269.786317