average, std
745.23759 s, 28.790493078467467 s
12.420626500000001 min, 0.4798415513077907 min
