dataset, time
0,707.174987
1,712.942136
2,769.925918
3,767.667023
4,768.477886