average, std
250.6300914 s, 6.003290063939933 s
4.177168190000001 min, 0.10005483439899873 min
