dataset, time
0,253.260138
1,253.88075
2,291.590244
3,256.200308
4,250.654605