TopK, mean, std
2,26.540787499999983,2.810431156380751
10,27.37444202531645,4.894081431207727
50,59.001076833333364,6.104805219367079
